Date,Sentiment,Daily Change,Direction
01/07/2015,0,0,DOWN
02/07/2015,0.15,10.869995,UP
03/07/2015,0.119047619,-0.149994,DOWN
04/07/2015,0.191666667,-0.074997,DOWN
05/07/2015,0.311111111,-0.0374985,DOWN
06/07/2015,0.226666667,-0.0374985,DOWN
07/07/2015,0.275,-11.839996,DOWN
08/07/2015,0.127083333,-12.919998,DOWN
09/07/2015,0.2,2.960006,UP
10/07/2015,-0.033333333,1.229981,UP
11/07/2015,0,1.505005,UP
12/07/2015,0.7,0.7525025,UP
13/07/2015,-0.025,0.7525025,UP
14/07/2015,0.125,3.48999,UP
15/07/2015,0.1,-2.509979,DOWN
16/07/2015,0.216666667,3.539978,UP
17/07/2015,0.083838384,7.980011,UP
18/07/2015,0,3.800003,UP
19/07/2015,0,1.9000015,UP
20/07/2015,0.175,1.9000015,UP
21/07/2015,0.13125,-15.490021,DOWN
22/07/2015,0.083333333,1.100006,UP
23/07/2015,0.094949495,-0.669983,DOWN
24/07/2015,0,-1.790008,DOWN
25/07/2015,0,-6.2000045,DOWN
26/07/2015,0.219444444,-3.10000225,DOWN
27/07/2015,0.18125,-3.10000225,DOWN
28/07/2015,0.053636364,11.810012,UP
29/07/2015,0.373611111,-1,DOWN
30/07/2015,0.174107143,2.970002,UP
31/07/2015,0.193333333,-0.640015,DOWN
01/08/2015,0,-3.080002,DOWN
02/08/2015,0.041666667,-1.540001,DOWN
03/08/2015,0.25,-1.540001,DOWN
04/08/2015,0,6.290009,UP
05/08/2015,0.1,3.850006,UP
06/08/2015,-0.24,-24,DOWN
07/08/2015,0.45,-3.62001,DOWN
08/08/2015,0.034090909,-0.684998,DOWN
09/08/2015,0,-0.342499,DOWN
10/08/2015,0,-0.342499,DOWN
11/08/2015,0,-3.770004,DOWN
12/08/2015,0,0.800003,UP
13/08/2015,0,4.339997,UP
14/08/2015,0,0.639999,UP
15/08/2015,0,5.9200055,UP
16/08/2015,0.258333333,2.96000275,UP
17/08/2015,-0.5,2.96000275,UP
18/08/2015,0.225,5.729996,UP
19/08/2015,0.466666667,-5.470001,DOWN
20/08/2015,0.3,-13.070007,DOWN
21/08/2015,0.068181818,-11.409989,DOWN
22/08/2015,0.08625,-5.9500045,DOWN
23/08/2015,0.15,-2.97500225,DOWN
24/08/2015,0,-2.97500225,DOWN
25/08/2015,0.018326118,1.160004,UP
26/08/2015,0.471428571,4.809997,UP
27/08/2015,1,18.150009,UP
28/08/2015,0.55,5.489991,UP
29/08/2015,0,0.290001,UP
30/08/2015,0,0.1450005,UP
31/08/2015,0,0.1450005,UP
01/09/2015,0,-10.429993,DOWN
02/09/2015,0.151255411,9.059997,UP
03/09/2015,-0.5,-2.119995,DOWN
04/09/2015,-0.077272727,-3.640014,DOWN
05/09/2015,0,3.1200025,UP
06/09/2015,0.4,1.56000125,UP
07/09/2015,0,0.780000625,UP
08/09/2015,0.341666667,0.780000625,UP
09/09/2015,0.35,0.740006,UP
10/09/2015,0.15,-0.430008,DOWN
11/09/2015,-0.366666667,1.760009,UP
12/09/2015,0.084090909,1.4749985,UP
13/09/2015,0.378030303,0.73749925,UP
14/09/2015,0.108333333,0.73749925,UP
15/09/2015,0,0.380005,UP
16/09/2015,0,8.679993,UP
17/09/2015,-0.059375,-0.179993,DOWN
18/09/2015,0.233333333,-1.450012,DOWN
19/09/2015,0,1.7900085,UP
20/09/2015,0,0.89500425,UP
21/09/2015,0,0.89500425,UP
22/09/2015,0,-3.26001,DOWN
23/09/2015,0.144791667,0.119996,UP
24/09/2015,0,2.059997,UP
25/09/2015,0.251515152,-6.209991,DOWN
26/09/2015,0.125636364,-4.2400055,DOWN
27/09/2015,0.375,-2.12000275,DOWN
28/09/2015,0.136363636,-2.12000275,DOWN
29/09/2015,0.101515152,-1.779999,DOWN
30/09/2015,0.074675325,1.75,UP
01/10/2015,0,-8.519989,DOWN
02/10/2015,0.108878968,7.690002,UP
03/10/2015,-0.033333333,-0.7100065,DOWN
04/10/2015,0,-0.35500325,DOWN
05/10/2015,-0.108333333,-0.35500325,DOWN
06/10/2015,-0.55,-4.689987,DOWN
07/10/2015,0.125,-9.5,DOWN
08/10/2015,0.25,-5.240006,DOWN
09/10/2015,0.3025,-6.029999,DOWN
10/10/2015,0,-2.555,DOWN
11/10/2015,0.086489899,-1.2775,DOWN
12/10/2015,0.304040404,-1.2775,DOWN
13/10/2015,0.181818182,3.669998,UP
14/10/2015,0.1375,-2.369995,DOWN
15/10/2015,0.216666667,4.429993,UP
16/10/2015,0.4,5.699997,UP
17/10/2015,0.475,0.5450055,UP
18/10/2015,0,0.27250275,UP
19/10/2015,0.575,0.27250275,UP
20/10/2015,0.475,-15.070007,DOWN
21/10/2015,0.244166667,-2.940003,DOWN
22/10/2015,0.139520202,1.630005,UP
23/10/2015,0.13,-2.630005,DOWN
24/10/2015,0.204040404,3.0849995,UP
25/10/2015,0.088701299,1.54249975,UP
26/10/2015,0.323333333,1.54249975,UP
27/10/2015,0.117045455,-4.909989,DOWN
28/10/2015,0.02,2.610001,UP
29/10/2015,-0.016666667,-1.330002,DOWN
30/10/2015,0.293181818,-4.700012,DOWN
31/10/2015,0,3.43,UP
01/11/2015,0,1.715,UP
02/11/2015,0.034090909,1.715,UP
03/11/2015,0,-5.439987,DOWN
04/11/2015,0.35,23.279999,UP
05/11/2015,0,0.139999,UP
06/11/2015,0.136363636,0.589997,UP
07/11/2015,0.5,-3.5149995,DOWN
08/11/2015,-0.077272727,-1.75749975,DOWN
09/11/2015,0,-1.75749975,DOWN
10/11/2015,0.102272727,-8.830002,DOWN
11/11/2015,0,2.580002,UP
12/11/2015,0,-6.14,DOWN
13/11/2015,0,-5.75,DOWN
14/11/2015,0,3.559998,UP
15/11/2015,0.25,1.779999,UP
16/11/2015,-0.166666667,1.779999,UP
17/11/2015,0,-0.309998,DOWN
18/11/2015,0.075,7.070007,UP
19/11/2015,0,0.729996,UP
20/11/2015,0.247708333,-1.790008,DOWN
21/11/2015,0,-1.1299975,DOWN
22/11/2015,0,-0.56499875,DOWN
23/11/2015,-0.05,-0.56499875,DOWN
24/11/2015,0.106845238,0.5,UP
25/11/2015,0.059090909,11.389999,UP
26/11/2015,0.08,0.985001,UP
27/11/2015,0.238095238,0.985001,UP
28/11/2015,0,-0.675003,DOWN
29/11/2015,0.8,-0.3375015,DOWN
30/11/2015,0.5,-0.3375015,DOWN
01/12/2015,0.466666667,6.930007,UP
02/12/2015,0.198958333,-5.199997,DOWN
03/12/2015,0.233333333,0.720002,UP
04/12/2015,0.375,-2.330002,DOWN
05/12/2015,0,0.375,UP
06/12/2015,0.25,0.1875,UP
07/12/2015,0.1,0.1875,UP
08/12/2015,0.083333333,-4.410004,DOWN
09/12/2015,0.225,-2.199997,DOWN
10/12/2015,0.06043771,2.550003,UP
11/12/2015,0.017045455,-10.050003,DOWN
12/12/2015,0,0.779999,UP
13/12/2015,0.025,0.3899995,UP
14/12/2015,0,0.3899995,UP
15/12/2015,0.225,2.509994,UP
16/12/2015,0,13.419999,UP
17/12/2015,0,-1.119996,DOWN
18/12/2015,0.110740741,-2.929992,DOWN
19/12/2015,0.226666667,1.0499955,UP
20/12/2015,0.158333333,0.52499775,UP
21/12/2015,0.125,0.52499775,UP
22/12/2015,0.121818182,-2.610001,DOWN
23/12/2015,0.142045455,-0.25,DOWN
24/12/2015,-0.15,0.87001,UP
25/12/2015,-0.035714286,-0.810005,DOWN
26/12/2015,0,-0.4050025,DOWN
27/12/2015,0,-0.20250125,DOWN
28/12/2015,0.1,-0.20250125,DOWN
29/12/2015,0,8.240005,UP
30/12/2015,0.009090909,0.899994,UP
31/12/2015,0.034090909,1.919999,UP
01/01/2016,0.15,-8.2999955,DOWN
02/01/2016,0.2,-4.14999775,DOWN
03/01/2016,0,-2.074998875,DOWN
04/01/2016,0.25,-2.074998875,DOWN
05/01/2016,0.128787879,0.019989,UP
06/01/2016,0,-4.39,DOWN
07/01/2016,0.169444444,-3.389999,DOWN
08/01/2016,0,-4.649994,DOWN
09/01/2016,0.2,-1.574997,DOWN
10/01/2016,0.21,-0.7874985,DOWN
11/01/2016,0.025,-0.7874985,DOWN
12/01/2016,0.08,2.119995,UP
13/01/2016,-0.083333333,-9.660003,DOWN
14/01/2016,0,5.869995,UP
15/01/2016,0,-1.189988,DOWN
16/01/2016,0.227160494,-0.135002,DOWN
17/01/2016,0.110708333,-0.067501,DOWN
18/01/2016,0.1,-0.0337505,DOWN
19/01/2016,0.341666667,-0.0337505,DOWN
20/01/2016,0,-6.020004,DOWN
21/01/2016,0,1.270004,UP
22/01/2016,0.175,2.580002,UP
23/01/2016,0.5,-3.084999,DOWN
24/01/2016,0.5,-1.5424995,DOWN
25/01/2016,0,-1.5424995,DOWN
26/01/2016,-0.3,-2.820007,DOWN
27/01/2016,0,-5.489991,DOWN
28/01/2016,0,1.62999,UP
29/01/2016,0,1.5,UP
30/01/2016,0.171428571,2.8700025,UP
31/01/2016,0.5,1.43500125,UP
01/02/2016,0,1.43500125,UP
02/02/2016,0,-14.160003,DOWN
03/02/2016,-0.044444444,-9.300003,DOWN
04/02/2016,0.068181818,1.850006,UP
05/02/2016,0.05,-12.729996,DOWN
06/02/2016,0,-7.3050005,DOWN
07/02/2016,0,-3.65250025,DOWN
08/02/2016,0,-3.65250025,DOWN
09/02/2016,0.275,0.259995,UP
10/02/2016,0.266666667,-4.580002,DOWN
11/02/2016,0.174074074,6.800003,UP
12/02/2016,0,0.569992,UP
13/02/2016,0,2.0650025,UP
14/02/2016,0,1.03250125,UP
15/02/2016,0,0.516250625,UP
16/02/2016,0.228571429,0.516250625,UP
17/02/2016,-0.025,13.509995,UP
18/02/2016,0.214583333,-1.909989,DOWN
19/02/2016,0.025,-0.190002,DOWN
20/02/2016,0,5.5800015,UP
21/02/2016,0.248380952,2.79000075,UP
22/02/2016,0.35,2.79000075,UP
23/02/2016,0,-0.529998,DOWN
24/02/2016,-0.005555556,1.789993,UP
25/02/2016,0,8.429993,UP
26/02/2016,0.3,2.910003,UP
27/02/2016,0.321666667,0.7949985,UP
28/02/2016,0.210416667,0.39749925,UP
29/02/2016,0.025,0.39749925,UP
01/03/2016,0.239214286,-5.579987,DOWN
02/03/2016,0.16,1.98999,UP
03/03/2016,0.175,7.400009,UP
04/03/2016,0,5.299988,UP
05/03/2016,0.254861111,2.125,UP
06/03/2016,0.29,1.0625,UP
07/03/2016,0,1.0625,UP
08/03/2016,0.375,-2.689987,DOWN
09/03/2016,0.15,6.119995,UP
10/03/2016,0.188888889,-3.540008,DOWN
11/03/2016,0,2.320007,UP
12/03/2016,0.138095238,3.824997,UP
13/03/2016,0.35,1.9124985,UP
14/03/2016,0,1.9124985,UP
15/03/2016,0,3.190002,UP
16/03/2016,0.151719577,3.589997,UP
17/03/2016,0,4.450012,UP
18/03/2016,0.108333333,6.36,UP
19/03/2016,0.1,2.790001,UP
20/03/2016,0.095238095,1.3950005,UP
21/03/2016,0.028125,1.3950005,UP
22/03/2016,0.066666667,-4.080002,DOWN
23/03/2016,0.096428571,-11.660003,DOWN
24/03/2016,0,5.169998,UP
25/03/2016,0.155555556,1.2549975,UP
26/03/2016,0,0.62749875,UP
27/03/2016,0,0.31374935,UP
28/03/2016,0,0.62749875,UP
29/03/2016,0.25,-0.12999,DOWN
30/03/2016,0.216666667,-3.240006,DOWN
31/03/2016,0.055341682,2.880005,UP
01/04/2016,0.118543857,7.819992,UP
02/04/2016,0.048503401,4.7000045,UP
03/04/2016,0.120165414,2.35000225,UP
04/04/2016,0.137037037,2.35000225,UP
05/04/2016,0.325,8.479996,UP
06/04/2016,0.105357143,9.950012,UP
07/04/2016,0.108333333,-8.220001,DOWN
08/04/2016,0.175,-7.130005,DOWN
09/04/2016,0.1,-0.0750045,DOWN
10/04/2016,0.025,-0.03750225,DOWN
11/04/2016,0.55,-0.03750225,DOWN
12/04/2016,-0.008333333,-2.099991,DOWN
13/04/2016,1,6.709992,UP
14/04/2016,0.6,-2.669998,DOWN
15/04/2016,0,2.649994,UP
16/04/2016,0,-0.314995,DOWN
17/04/2016,0.1,-0.1574975,DOWN
18/04/2016,0.25,-0.1574975,DOWN
19/04/2016,0,-6.51001,DOWN
20/04/2016,0.138095238,2.600006,UP
21/04/2016,0.357142857,-1.680008,DOWN
22/04/2016,0.2,5.460007,UP
23/04/2016,0,-0.9649965,DOWN
24/04/2016,0.5,-0.48249825,DOWN
25/04/2016,0.068181818,-0.48249825,DOWN
26/04/2016,0,1.919998,UP
27/04/2016,0.032539683,-2.270004,DOWN
28/04/2016,0.375,-3.759994,DOWN
29/04/2016,-0.0125,-6.950012,DOWN
30/04/2016,0.088461539,0.520004,UP
01/05/2016,0.115705128,0.260002,UP
02/05/2016,0.215,0.260002,UP
03/05/2016,0,-9.479996,DOWN
04/05/2016,0,-9.760009,DOWN
05/05/2016,0.033333333,-11.029999,DOWN
06/05/2016,0.1125,3.399994,UP
07/05/2016,0.171428571,-3.0049975,DOWN
08/05/2016,0,-1.50249875,DOWN
09/05/2016,0.6,-1.50249875,DOWN
10/05/2016,0,-0.229996,DOWN
11/05/2016,0.1,0.270005,UP
12/05/2016,0.141666667,-1.680008,DOWN
13/05/2016,0.35,0.330002,UP
14/05/2016,0.215,0.339996,UP
15/05/2016,0,0.169998,UP
16/05/2016,0.089821429,0.169998,UP
17/05/2016,0.1125,-3.629989,DOWN
18/05/2016,0.131150794,6.509994,UP
19/05/2016,0.266666667,4.040009,UP
20/05/2016,0,5.069992,UP
21/05/2016,0.225,-2.029999,DOWN
22/05/2016,0.5,-1.0149995,DOWN
23/05/2016,0,-1.0149995,DOWN
24/05/2016,0.15,1.690003,UP
25/05/2016,0.120833333,1.669998,UP
26/05/2016,0.05,5.539993,UP
27/05/2016,0.436666667,-2.080002,DOWN
28/05/2016,0.034027778,0.0950015,UP
29/05/2016,0.7,0.04750075,UP
30/05/2016,-0.125,0.023750375,UP
31/05/2016,0.359090909,0.023750375,UP
01/06/2016,0.20952381,-3.669998,DOWN
02/06/2016,0.1375,-0.599991,DOWN
03/06/2016,0.173989899,0.029998,UP
04/06/2016,0.010119048,0.844994,UP
05/06/2016,0.45,0.422497,UP
06/06/2016,0.16,0.422497,UP
07/06/2016,0.025,11.660003,UP
08/06/2016,0.05,3.180008,UP
09/06/2016,0.051666667,-6.160003,DOWN
10/06/2016,0.12,-10.570008,DOWN
11/06/2016,0.05,-0.459999,DOWN
12/06/2016,0.109074074,-0.2299995,DOWN
13/06/2016,0,-0.2299995,DOWN
14/06/2016,0.176136364,-2.909988,DOWN
15/06/2016,0.188911565,2.73999,UP
16/06/2016,0,0.229996,UP
17/06/2016,0.156770833,-2.459992,DOWN
18/06/2016,0,2.114998,UP
19/06/2016,-0.014285714,1.057499,UP
20/06/2016,0.65,1.057499,UP
21/06/2016,-0.0625,-0.089996,DOWN
22/06/2016,0,-22.949997,DOWN
23/06/2016,0,-0.26001,DOWN
24/06/2016,0,-3.25,DOWN
25/06/2016,0,2.7000045,UP
26/06/2016,0,1.35000225,UP
27/06/2016,0.33,1.35000225,UP
28/06/2016,0.4,3.23999,UP
29/06/2016,0.2875,8.400009,UP
30/06/2016,-0.475,2.089997,UP
01/07/2016,0,4.220001,UP
02/07/2016,0,-1.260002,DOWN
03/07/2016,0,-0.630001,DOWN
04/07/2016,0,-0.3150005,DOWN
05/07/2016,-0.13,-0.3150005,DOWN
06/07/2016,0,0.460006,UP
07/07/2016,0.098611111,1.5,UP
08/07/2016,0.33125,0.839997,UP
09/07/2016,0.013888889,4,UP
10/07/2016,0.130668934,2,UP
11/07/2016,0,2,UP
12/07/2016,0.141666667,-0.130005,DOWN
13/07/2016,0.285714286,-2.119995,DOWN
14/07/2016,0.1375,-1,DOWN
15/07/2016,0.05,-1.130005,DOWN
16/07/2016,0.312202381,2.925003,UP
17/07/2016,0.296768708,1.4625015,UP
18/07/2016,0.202651515,1.4625015,UP
19/07/2016,0.033333333,-0.990005,DOWN
20/07/2016,0.040183983,3.100006,UP
21/07/2016,0.210714286,-7.860001,DOWN
22/07/2016,0,1.770004,UP
23/07/2016,0.0125,3.8699955,UP
24/07/2016,0,1.93499775,UP
25/07/2016,0,1.93499775,UP
26/07/2016,-0.025,-0.5,DOWN
27/07/2016,0.344444444,-1.01999,DOWN
28/07/2016,0.7,2.119996,UP
29/07/2016,0.193257576,4.179992,UP
30/07/2016,0.092272727,-2.389999,DOWN
31/07/2016,0,-1.1949995,DOWN
01/08/2016,0,-1.1949995,DOWN
02/08/2016,0,-2.809998,DOWN
03/08/2016,0,-1.410004,DOWN
04/08/2016,0,4.820008,UP
05/08/2016,0,-0.580002,DOWN
06/08/2016,0,-1.9349975,DOWN
07/08/2016,0,-0.96749875,DOWN
08/08/2016,0,-0.96749875,DOWN
09/08/2016,0.155238095,2.919998,UP
10/08/2016,0.171428571,-3.430008,DOWN
11/08/2016,0.233333333,-0.73999,DOWN
12/08/2016,0,0.699997,UP
13/08/2016,0,-0.0100025,DOWN
14/08/2016,0,-0.00500125,DOWN
15/08/2016,0,-0.00500125,DOWN
16/08/2016,0,-1.979995,DOWN
17/08/2016,0.275,-0.369996,DOWN
18/08/2016,0,0.26999,UP
19/08/2016,0,1.490005,UP
20/08/2016,0,-1.0350035,DOWN
21/08/2016,0.275,-0.51750175,DOWN
22/08/2016,0.4,-0.51750175,DOWN
23/08/2016,0,1.910003,UP
24/08/2016,0.275,-2.220001,DOWN
25/08/2016,0,-1.659988,DOWN
26/08/2016,0.5,-0.970002,DOWN
27/08/2016,0,-2.395004,DOWN
28/08/2016,0.166666667,-1.197502,DOWN
29/08/2016,0,-1.197502,DOWN
30/08/2016,0.2,-3.860001,DOWN
31/08/2016,0.19125,0.669999,UP
01/09/2016,0.095833333,-11.239991,DOWN
02/09/2016,0,-2.990005,DOWN
03/09/2016,0.25,2.5250015,UP
04/09/2016,0,1.26250075,UP
05/09/2016,0,0.631250375,UP
06/09/2016,0,0.631250375,UP
07/09/2016,0,-1.119995,DOWN
08/09/2016,0,-4.350006,DOWN
09/09/2016,0.055694444,-2.89,DOWN
10/09/2016,-0.5,1.915001,UP
11/09/2016,0,0.9575005,UP
12/09/2016,0,0.9575005,UP
13/09/2016,0.147272727,-2.25,DOWN
14/09/2016,0.5,0.360001,UP
15/09/2016,0,4.009994,UP
16/09/2016,0.057142857,4.979996,UP
17/09/2016,0.282224026,0.470001,UP
18/09/2016,0,0.2350005,UP
19/09/2016,0.5,0.2350005,UP
20/09/2016,0,-1.699997,DOWN
21/09/2016,0.097111128,0.580002,UP
22/09/2016,0.087310606,1.209992,UP
23/09/2016,0.8,1.020004,UP
24/09/2016,0.418181818,0.770004,UP
25/09/2016,0,0.385002,UP
26/09/2016,0.030208333,0.385002,UP
27/09/2016,0.197727273,-3.180007,DOWN
28/09/2016,0.128736773,0.460006,UP
29/09/2016,0,-5.570007,DOWN
30/09/2016,0.25,3.330002,UP
01/10/2016,0,4.834999,UP
02/10/2016,0.345833333,2.4174995,UP
03/10/2016,0.068181818,2.4174995,UP
04/10/2016,-0.0125,-2.289993,DOWN
05/10/2016,0.0875,-2.949997,DOWN
06/10/2016,0.3,-7.460007,DOWN
07/10/2016,0.054166667,-4.389999,DOWN
08/10/2016,0,2.169998,UP
09/10/2016,0.13,1.084999,UP
10/10/2016,0.195833333,1.084999,UP
11/10/2016,0.318181818,-0.849991,DOWN
12/10/2016,0,1.409989,UP
13/10/2016,-0.088888889,-1.26999,DOWN
14/10/2016,0,-3.73001,DOWN
15/10/2016,0,-1.274994,DOWN
16/10/2016,0.1,-0.637497,DOWN
17/10/2016,0.090909091,-0.637497,DOWN
18/10/2016,0,5.139999,UP
19/10/2016,-0.025505051,4.459992,UP
20/10/2016,0.088999369,-4.459992,DOWN
21/10/2016,0.4,0.98999,UP
22/10/2016,-0.025,1.3349995,UP
23/10/2016,0.025,0.66749975,UP
24/10/2016,0.407727273,0.66749975,UP
25/10/2016,0,-0.419999,DOWN
26/10/2016,0.25,-0.099991,DOWN
27/10/2016,-0.03125,1.76999,UP
28/10/2016,0.093030303,-4.039994,DOWN
29/10/2016,0.025228475,-1.1200025,DOWN
30/10/2016,0,-0.56000125,DOWN
31/10/2016,0.1,-0.56000125,DOWN
01/11/2016,0,-6.940003,DOWN
02/11/2016,0,-2.769989,DOWN
03/11/2016,0.222777778,-0.600006,DOWN
04/11/2016,0.14029321,3.14,UP
05/11/2016,0.217687075,1.3250045,UP
06/11/2016,0,0.66250225,UP
07/11/2016,0.5,0.66250225,UP
08/11/2016,0.35,1.729995,UP
09/11/2016,-0.6,-4.880004,DOWN
10/11/2016,0.225,-4.709992,DOWN
11/11/2016,0,3.209992,UP
12/11/2016,0,-3.5550005,DOWN
13/11/2016,0,-1.77750025,DOWN
14/11/2016,0.285714286,-1.77750025,DOWN
15/11/2016,0.25,2.320007,UP
16/11/2016,-0.005462863,0.159989,UP
17/11/2016,0.193303571,4.730011,UP
18/11/2016,0,-3.64,DOWN
19/11/2016,0.170833333,-0.25,DOWN
20/11/2016,0,-0.125,DOWN
21/11/2016,0,-0.125,DOWN
22/11/2016,0.1,6.649994,UP
23/11/2016,0.066666667,1.970001,UP
24/11/2016,0.6,1.7549975,UP
25/11/2016,0,1.7549975,UP
26/11/2016,0,-0.2649995,DOWN
27/11/2016,0,-0.13249975,DOWN
28/11/2016,0.375,-0.13249975,DOWN
29/11/2016,0,-6.549988,DOWN
30/11/2016,0,-0.170013,DOWN
01/12/2016,0.1,-7.519989,DOWN
02/12/2016,0.2,-0.410004,DOWN
03/12/2016,0,2.665001,UP
04/12/2016,0,1.3325005,UP
05/12/2016,0,1.3325005,UP
06/12/2016,0,-0.949997,DOWN
07/12/2016,-0.108333333,7.299988,UP
08/12/2016,0,-0.860001,DOWN
09/12/2016,0,-0.11,DOWN
10/12/2016,0.090909091,0.125,UP
11/12/2016,0.230952381,0.0625,UP
12/12/2016,0,0.0625,UP
13/12/2016,0,5.720001,UP
14/12/2016,0,0.540008,UP
15/12/2016,0,-1.11,DOWN
16/12/2016,0,4.910003,UP
17/12/2016,-0.342857143,0.1199955,UP
18/12/2016,0.05,0.05999775,UP
19/12/2016,0,0.05999775,UP
20/12/2016,0,6.059997,UP
21/12/2016,0,-1.089996,DOWN
22/12/2016,-0.025,0.75,UP
23/12/2016,0.127678571,4.889999,UP
24/12/2016,0.091981793,3.0950015,UP
25/12/2016,0,1.54750075,UP
26/12/2016,0,0.773750375,UP
27/12/2016,0.8,0.773750375,UP
28/12/2016,0,0.210006,UP
29/12/2016,0.3,-5.060012,DOWN
30/12/2016,0.167045455,-0.989991,DOWN
31/12/2016,-0.086868687,1.6500015,UP
01/01/2017,0,0.82500075,UP
02/01/2017,0,0.412500375,UP
03/01/2017,0,0.412500375,UP
04/01/2017,0,10,UP
05/01/2017,-0.155555556,-0.240005,DOWN
06/01/2017,0,2.259995,UP
07/01/2017,0.3,1.135002,UP
08/01/2017,0.108417508,0.567501,UP
09/01/2017,0,0.567501,UP
10/01/2017,0.35,-1.410004,DOWN
11/01/2017,0.21,-0.139999,DOWN
12/01/2017,0.197004913,-0.14,DOWN
13/01/2017,0,8.160004,UP
14/01/2017,0.35,-1.084999,DOWN
15/01/2017,0,-0.5424995,DOWN
16/01/2017,0.041666667,-0.27124975,DOWN
17/01/2017,0,-0.27124975,DOWN
18/01/2017,0.4,2.779999,UP
19/01/2017,0.20842803,5.399994,UP
20/01/2017,0,0.970001,UP
21/01/2017,-0.003703704,2.095001,UP
22/01/2017,0.007700893,1.0475005,UP
23/01/2017,0.1875,1.0475005,UP
24/01/2017,0.242708333,5.690003,UP
25/01/2017,0.055357143,-0.14,DOWN
26/01/2017,0,-1.960006,DOWN
27/01/2017,0.370484007,0.440002,UP
28/01/2017,-0.00625,-1.159996,DOWN
29/01/2017,0.191150794,-0.579998,DOWN
30/01/2017,0.151190476,-0.579998,DOWN
31/01/2017,0,1.299988,UP
01/02/2017,0,-2.689988,DOWN
02/02/2017,0,2.309998,UP
03/02/2017,0,-0.220001,DOWN
04/02/2017,0.104995332,3.2199935,UP
05/02/2017,0.140343065,1.60999675,UP
06/02/2017,0,1.60999675,UP
07/02/2017,0.0375,-0.289978,DOWN
08/02/2017,0,4.599976,UP
09/02/2017,0,7.120025,UP
10/02/2017,-0.016666667,0.029999,UP
11/02/2017,0.15,5.6849975,UP
12/02/2017,0,2.84249875,UP
13/02/2017,0,2.84249875,UP
14/02/2017,0,0.380005,UP
15/02/2017,0.475,-1.220001,DOWN
16/02/2017,0.333862434,-10.809998,DOWN
17/02/2017,0.089583333,3.279999,UP
18/02/2017,0.131219336,2.580002,UP
19/02/2017,0,1.290001,UP
20/02/2017,0,0.6450005,UP
21/02/2017,0,0.6450005,UP
22/02/2017,0,-3.880005,DOWN
23/02/2017,1,-17.520005,DOWN
24/02/2017,0.214095238,1.009995,UP
25/02/2017,0.333333333,-5.385002,DOWN
26/02/2017,0,-2.692501,DOWN
27/02/2017,0.325,-2.692501,DOWN
28/02/2017,0.458333333,3.760009,UP
01/03/2017,0,0.029999,UP
02/03/2017,0.65,0.459992,UP
03/03/2017,0,1.090011,UP
04/03/2017,0,-0.18,DOWN
05/03/2017,0.4,-0.09,DOWN
06/03/2017,0.05,-0.09,DOWN
07/03/2017,0,-2.620011,DOWN
08/03/2017,0,-1.720001,DOWN
09/03/2017,0,-1.970001,DOWN
10/03/2017,0.15,-1.209992,DOWN
11/03/2017,0.411904762,1.239998,UP
12/03/2017,0.203285137,0.619999,UP
13/03/2017,0.5,0.619999,UP
14/03/2017,-0.033333333,11.830002,UP
15/03/2017,0,-2.270004,DOWN
16/03/2017,0.4,6.319992,UP
17/03/2017,0,-0.549988,DOWN
18/03/2017,0,0.2100065,UP
19/03/2017,0,0.10500325,UP
20/03/2017,0,0.10500325,UP
21/03/2017,0,-11.24002,DOWN
22/03/2017,0,4.330002,UP
23/03/2017,0,-0.229996,DOWN
24/03/2017,0.044186354,8.380005,UP
25/03/2017,0,3.5299985,UP
26/03/2017,0,1.76499925,UP
27/03/2017,0,1.76499925,UP
28/03/2017,0.051428571,7.230011,UP
29/03/2017,-0.1,-0.070007,DOWN
30/03/2017,-0.1,0.540008,UP
31/03/2017,0.15675,0.379975,UP
01/04/2017,0.055,10.1100005,UP
02/04/2017,0.06875,5.05500025,UP
03/04/2017,-0.066666667,5.05500025,UP
04/04/2017,0,5.180023,UP
05/04/2017,0,-8.700012,DOWN
06/04/2017,0.285714286,3.700012,UP
07/04/2017,0.022222222,3.839997,UP
08/04/2017,0,4.925003,UP
09/04/2017,0,2.4625015,UP
10/04/2017,0,2.4625015,UP
11/04/2017,0,-3.680024,DOWN
12/04/2017,0.15,-11.869995,DOWN
13/04/2017,0.033333333,7.160004,UP
14/04/2017,0,-1.279999,DOWN
15/04/2017,0,-0.6399995,DOWN
16/04/2017,0,-0.31999975,DOWN
17/04/2017,0.15,-0.31999975,DOWN
18/04/2017,-0.5,-1.190002,DOWN
19/04/2017,0,5.269989,UP
20/04/2017,0.136363636,-3.009979,DOWN
21/04/2017,0,3.089996,UP
22/04/2017,0.8,1.2149965,UP
23/04/2017,-0.125,0.60749825,UP
24/04/2017,0.145,0.60749825,UP
25/04/2017,0,5.76001,UP
26/04/2017,0,-3.619996,DOWN
27/04/2017,0.166666667,-1.540008,DOWN
28/04/2017,-0.53125,5.440002,UP
29/04/2017,0,4.37999,UP
30/04/2017,0,2.189995,UP
01/05/2017,-0.087037037,2.189995,UP
02/05/2017,0,-3.939972,DOWN
03/05/2017,0,-7.870026,DOWN
04/05/2017,0.85,-15.559998,DOWN
05/05/2017,0.078205128,12.890015,UP
06/05/2017,0,-0.580002,DOWN
07/05/2017,0.45,-0.290001,DOWN
08/05/2017,0,-0.290001,DOWN
09/05/2017,0.35,14.070008,UP
10/05/2017,0.15969697,3.959991,UP
11/05/2017,0.1125,-2.119995,DOWN
12/05/2017,-0.222916667,1.709992,UP
13/05/2017,0.08,-4.4649965,DOWN
14/05/2017,-0.016666667,-2.23249825,DOWN
15/05/2017,0,-2.23249825,DOWN
16/05/2017,0,1.130005,UP
17/05/2017,-0.032777778,-10.900025,DOWN
18/05/2017,0,6.950013,UP
19/05/2017,0,-2.230011,DOWN
20/05/2017,-0.063888889,-0.2399905,DOWN
21/05/2017,0,-0.11999525,DOWN
22/05/2017,0.106246298,-0.11999525,DOWN
23/05/2017,0.197118507,-6.490021,DOWN
24/05/2017,0.132053872,6.360016,UP
25/05/2017,0.041666667,6.609986,UP
26/05/2017,0.033333333,8.310028,UP
27/05/2017,0,4.9799955,UP
28/05/2017,0.125,2.48999775,UP
29/05/2017,0.05,1.244998875,UP
30/05/2017,0,1.244998875,UP
31/05/2017,0.291666667,5.910004,UP
01/06/2017,0.163333333,-0.640015,DOWN
02/06/2017,0.7,-0.519989,DOWN
03/06/2017,0.125,3.7350005,UP
04/06/2017,0.355208333,1.86750025,UP
05/06/2017,0.15219697,1.86750025,UP
06/06/2017,-0.114102564,5.529999,UP
07/06/2017,0.252604167,6.799988,UP
08/06/2017,0.109331956,10.350006,UP
09/06/2017,0.081405574,-12.679993,DOWN
10/06/2017,-0.075,0.8450015,UP
11/06/2017,0.046590909,0.42250075,UP
12/06/2017,0,0.42250075,UP
13/06/2017,0.174285714,16.940002,UP
14/06/2017,0,4.709992,UP
15/06/2017,0,-5.320008,DOWN
16/06/2017,0.13,-3.940002,DOWN
17/06/2017,0.04375,-0.800003,DOWN
18/06/2017,0.045454546,-0.4000015,DOWN
19/06/2017,-0.096428571,-0.4000015,DOWN
20/06/2017,0.2,2.440002,UP
21/06/2017,0.047619048,4.160004,UP
22/06/2017,0.086666667,6.209991,UP
23/06/2017,0.153472222,0.840027,UP
24/06/2017,0,-2.980011,DOWN
25/06/2017,0.077923481,-1.4900055,DOWN
26/06/2017,0.235,-1.4900055,DOWN
27/06/2017,0,-15.119995,DOWN
28/06/2017,0,8.869995,UP
29/06/2017,0.027777778,-10.48999,DOWN
30/06/2017,0.151904762,0.859985,UP
01/07/2017,0.35,-4.494995,DOWN
02/07/2017,0.415740741,-2.2474975,DOWN
03/07/2017,0.067045455,-2.2474975,DOWN
04/07/2017,0.255952381,-12.7649995,DOWN
05/07/2017,0.466666667,-12.7649995,DOWN
06/07/2017,0.25,-18.260009,DOWN
07/07/2017,0,4.390014,UP
08/07/2017,0,1.4149935,UP
09/07/2017,-0.008333333,0.70749675,UP
10/07/2017,0,0.70749675,UP
11/07/2017,0.19205748,11.170013,UP
12/07/2017,0.13375,2.299988,UP
13/07/2017,0.226785714,-6.109985,DOWN
14/07/2017,0.110744048,4.369995,UP
15/07/2017,0.063888889,-4.104996,DOWN
16/07/2017,0,-2.052498,DOWN
17/07/2017,-0.066640693,-2.052498,DOWN
18/07/2017,0,8.669983,UP
19/07/2017,0.25,-2.97998,DOWN
20/07/2017,-0.014590774,4.660003,UP
21/07/2017,0.225,-1.520019,DOWN
22/07/2017,-0.133333333,7.0599975,UP
23/07/2017,0,3.52999875,UP
24/07/2017,0,3.52999875,UP
25/07/2017,0.084183674,-2.919983,DOWN
26/07/2017,0.015555556,4.25,UP
27/07/2017,0,-9.390015,DOWN
28/07/2017,0.037066667,0.610016,UP
29/07/2017,0.099705387,-5.800003,DOWN
30/07/2017,0.125833333,-2.9000015,DOWN
31/07/2017,0.3,-2.9000015,DOWN
01/08/2017,0.5,-3.899994,DOWN
02/08/2017,0.25,6.320008,UP
03/08/2017,0,21.199981,UP
04/08/2017,0,9.820008,UP
05/08/2017,-0.071428571,-0.8699955,DOWN
06/08/2017,-0.021590909,-0.43499775,DOWN
07/08/2017,0.025,-0.43499775,DOWN
08/08/2017,0,10.049988,UP
09/08/2017,0,-1.690002,DOWN
10/08/2017,0.03125,-8.130005,DOWN
11/08/2017,0.233964647,2.470001,UP
12/08/2017,0.159259259,2.9649965,UP
13/08/2017,0.025,1.48249825,UP
14/08/2017,0.203492064,1.48249825,UP
15/08/2017,0.016666667,-1.470001,DOWN
16/08/2017,0,0.580017,UP
17/08/2017,0,-10.989991,DOWN
18/08/2017,0.066666667,-4.460022,DOWN
19/08/2017,0.097727273,-4.800003,DOWN
20/08/2017,0.081845238,-2.4000015,DOWN
21/08/2017,0.06,-2.4000015,DOWN
22/08/2017,0.075,3.490021,UP
23/08/2017,-0.000189394,11.419983,UP
24/08/2017,0,0.160004,UP
25/08/2017,-0.008134921,-4.880005,DOWN
26/08/2017,-0.0625,-1.194992,DOWN
27/08/2017,0.076226551,-0.597496,DOWN
28/08/2017,-0.006557099,-0.597496,DOWN
29/08/2017,0.146428571,1.699981,UP
30/08/2017,0.041666667,5.820008,UP
31/08/2017,0.0825,2.720001,UP
01/09/2017,0,-0.5,DOWN
02/09/2017,0,-2.904999,DOWN
03/09/2017,0,-1.4524995,DOWN
04/09/2017,0.052857143,-0.72624975,DOWN
05/09/2017,0,-0.72624975,DOWN
06/09/2017,0,-5.059997,DOWN
07/09/2017,0.136363636,6.079986,UP
08/09/2017,0,-7.209991,DOWN
09/09/2017,0,10.145004,UP
10/09/2017,0,5.072502,UP
11/09/2017,0,5.072502,UP
12/09/2017,0.125,-0.940002,DOWN
13/09/2017,-0.5,3.480011,UP
14/09/2017,0.215333333,11.410004,UP
15/09/2017,0,2.169983,UP
16/09/2017,0.125,2.595001,UP
17/09/2017,0,1.2975005,UP
18/09/2017,0,1.2975005,UP
19/09/2017,0.2875,-9.899994,DOWN
20/09/2017,0.366666667,-1.190002,DOWN
21/09/2017,0,-7.429993,DOWN
22/09/2017,0.1,-15.390015,DOWN
23/09/2017,0,-3.050003,DOWN
24/09/2017,0.25,-1.5250015,DOWN
25/09/2017,0.260416667,-1.5250015,DOWN
26/09/2017,0.175,0.26001,UP
27/09/2017,0.07034632,-4.279999,DOWN
28/09/2017,0.25,-1.369995,DOWN
29/09/2017,0.073462302,1.5,UP
30/09/2017,0,0.2149965,UP
01/10/2017,0,0.10749825,UP
02/10/2017,0.271428571,0.10749825,UP
03/10/2017,0,6.610016,UP
04/10/2017,0,6.869995,UP
05/10/2017,0.347083333,0.319977,UP
06/10/2017,0.085631937,1.550018,UP
07/10/2017,0.25,-6.9700015,DOWN
08/10/2017,0.052380952,-3.48500075,DOWN
09/10/2017,0,-3.48500075,DOWN
10/10/2017,0.333928571,12.649994,UP
11/10/2017,0.182285714,-0.98999,DOWN
12/10/2017,0.127777778,1.079987,UP
13/10/2017,0,-0.109986,DOWN
14/10/2017,0,-2.4850005,DOWN
15/10/2017,0.65,-1.24250025,DOWN
16/10/2017,0.366666667,-1.24250025,DOWN
17/10/2017,0,5.149994,UP
18/10/2017,-0.25,3.899994,UP
19/10/2017,-0.140625,-7.839996,DOWN
20/10/2017,0.2375,-6.709992,DOWN
21/10/2017,0.083333333,-4.0400085,DOWN
22/10/2017,0,-2.02000425,DOWN
23/10/2017,0,-2.02000425,DOWN
24/10/2017,0.109090909,0.320007,UP
25/10/2017,0,-11.5,DOWN
26/10/2017,-0.158333333,0.330017,UP
27/10/2017,0,-5.300018,DOWN
28/10/2017,-0.4875,-0.395004,DOWN
29/10/2017,0,-0.197502,DOWN
30/10/2017,0.08,-0.197502,DOWN
31/10/2017,0,11.450012,UP
01/11/2017,0,-10.450012,DOWN
02/11/2017,0,-21.819977,DOWN
03/11/2017,0,6.829986,UP
04/11/2017,0,-1.6549985,DOWN
05/11/2017,0,-0.82749925,DOWN
06/11/2017,0,-0.82749925,DOWN
07/11/2017,-0.166666667,3.269989,UP
08/11/2017,0,-1.659973,DOWN
09/11/2017,-0.133333333,-1.400025,DOWN
10/11/2017,0.5,0,DOWN
11/11/2017,0,6.205002,UP
12/11/2017,0.039393939,3.102501,UP
13/11/2017,0.071428571,3.102501,UP
14/11/2017,0,-6.699982,DOWN
15/11/2017,-0.00247114,2.599976,UP
16/11/2017,0,1.200012,UP
17/11/2017,0.045454546,2.549988,UP
18/11/2017,0,-3.154999,DOWN
19/11/2017,0.17,-1.5774995,DOWN
20/11/2017,0.7,-1.5774995,DOWN
21/11/2017,-0.111111111,9.070008,UP
22/11/2017,0,-5.209992,DOWN
23/11/2017,-0.145833333,1.474991,UP
24/11/2017,0,1.474991,UP
25/11/2017,0.5,0.630005,UP
26/11/2017,0.183333333,0.3150025,UP
27/11/2017,0.05,0.3150025,UP
28/11/2017,-0.006666667,0.73999,UP
29/11/2017,0,-10.009979,DOWN
30/11/2017,0.021219697,1.309997,UP
01/12/2017,0.068181818,-2.320007,DOWN
02/12/2017,0.094940476,-0.6649935,DOWN
03/12/2017,-0.180769231,-0.33249675,DOWN
04/12/2017,0,-0.33249675,DOWN
05/12/2017,0,-1.5,DOWN
06/12/2017,0,9.559998,UP
07/12/2017,0,-2.02002,DOWN
08/12/2017,0,3.890015,UP
09/12/2017,0,6.8899995,UP
10/12/2017,0,3.44499975,UP
11/12/2017,-0.223958333,3.44499975,UP
12/12/2017,0,12.119995,UP
13/12/2017,-0.322575758,-2,DOWN
14/12/2017,0.120833333,-1.139984,DOWN
15/12/2017,-0.370486111,5.559997,UP
16/12/2017,0,-2.2900085,DOWN
17/12/2017,0.063888889,-1.14500425,DOWN
18/12/2017,0,-1.14500425,DOWN
19/12/2017,0.2,-7.769989,DOWN
20/12/2017,0.048214286,-2.119995,DOWN
21/12/2017,0.037929068,2.679993,UP
22/12/2017,0,-6.459992,DOWN
23/12/2017,-0.048300866,-3.9550015,DOWN
24/12/2017,0.130952381,-1.97750075,DOWN
25/12/2017,-0.025,-0.988750375,DOWN
26/12/2017,0.165926001,-0.988750375,DOWN
27/12/2017,0,-5.649994,DOWN
28/12/2017,0,3.71997,UP
29/12/2017,0,-4.009979,DOWN
30/12/2017,0,4.5899965,UP
31/12/2017,0,2.29499825,UP
01/01/2018,0,1.147499125,UP
02/01/2018,0,1.147499125,UP
03/01/2018,0.0925,-3.279999,DOWN
04/01/2018,0,-2.630005,DOWN
05/01/2018,-0.1,1.959992,UP
06/01/2018,0,9.9150085,UP
07/01/2018,0.479545455,4.95750425,UP
08/01/2018,-0.05,4.95750425,UP
09/01/2018,0.225,-2.720002,DOWN
10/01/2018,0,1.109986,UP
11/01/2018,0,3.150024,UP
12/01/2018,0.258333333,-1.730011,DOWN
13/01/2018,0.425,1.9199985,UP
14/01/2018,0,0.95999925,UP
15/01/2018,0.086309524,0.479999625,UP
16/01/2018,0,0.479999625,UP
17/01/2018,0,7.100006,UP
18/01/2018,0,-2.589997,DOWN
19/01/2018,0,5.449982,UP
20/01/2018,0,0.7700045,UP
21/01/2018,0,0.38500225,UP
22/01/2018,0,0.38500225,UP
23/01/2018,0,1.230011,UP
24/01/2018,0.114814815,-6.899994,DOWN
25/01/2018,0,-8.25,DOWN
26/01/2018,0,5.209991,UP
27/01/2018,0.077777778,3.3399965,UP
28/01/2018,0.129722222,1.66999825,UP
29/01/2018,0.160763889,1.66999825,UP
30/01/2018,0,-3.709992,DOWN
31/01/2018,0.118571429,8.489991,UP
01/02/2018,-0.042857143,-5.059998,DOWN
02/02/2018,0.041666667,-5.5,DOWN
03/02/2018,0,-5.3099975,DOWN
04/02/2018,-0.105,-2.65499875,DOWN
05/02/2018,-0.044444444,-2.65499875,DOWN
06/02/2018,0.017132867,0.839996,UP
07/02/2018,0.205,11.029999,UP
08/02/2018,0,-29.769989,DOWN
09/02/2018,0,-4.809998,DOWN
10/02/2018,0,2.654999,UP
11/02/2018,0.133333333,1.3274995,UP
12/02/2018,0.061666667,1.3274995,UP
13/02/2018,0,7.929993,UP
14/02/2018,0,-1.350006,DOWN
15/02/2018,0,11.760009,UP
16/02/2018,0,1.419983,UP
17/02/2018,0.068181818,-0.3600005,DOWN
18/02/2018,0.5,-0.18000025,DOWN
19/02/2018,0,-0.090000125,DOWN
20/02/2018,-0.1875,-0.090000125,DOWN
21/02/2018,-0.030333333,-1.470001,DOWN
22/02/2018,0.059478022,12.870025,UP
23/02/2018,0.358333333,5.879975,UP
24/02/2018,0.357142857,2.6850125,UP
25/02/2018,-0.1,1.34250625,UP
26/02/2018,0,1.34250625,UP
27/02/2018,0.047588384,-6.430023,DOWN
28/02/2018,0,-7.929992,DOWN
01/03/2018,0,-12.130005,DOWN
02/03/2018,0,4.190002,UP
03/03/2018,-0.5,-0.8849945,DOWN
04/03/2018,0.193333333,-0.44249725,DOWN
05/03/2018,0,-0.44249725,DOWN
06/03/2018,0.203125,-5.149994,DOWN
07/03/2018,0.1025,4.099976,UP
08/03/2018,0.0775,-3.199982,DOWN
09/03/2018,0.017297464,-1.929993,DOWN
10/03/2018,-0.125,9.1699985,UP
11/03/2018,-0.220138889,4.58499925,UP
12/03/2018,0.8,4.58499925,UP
13/03/2018,0,-3.670014,DOWN
14/03/2018,0.139393939,-15.209991,DOWN
15/03/2018,-0.041666667,-1.029999,DOWN
16/03/2018,0,-4.25,DOWN
17/03/2018,0,-3.895004,DOWN
18/03/2018,0.2,-1.947502,DOWN
19/03/2018,0,-1.947502,DOWN
20/03/2018,-0.024354658,-3.01001,DOWN
21/03/2018,-0.077777778,5.980011,UP
22/03/2018,0.100566101,-7.429993,DOWN
23/03/2018,-0.006181818,-7.559997,DOWN
24/03/2018,-0.075,1.319992,UP
25/03/2018,0,0.659996,UP
26/03/2018,-0.001755652,0.659996,UP
27/03/2018,0.05995671,-25,DOWN
28/03/2018,0.2,-21.399994,DOWN
29/03/2018,0.116666667,8.350006,UP
30/03/2018,0.028733766,-6.8250045,DOWN
31/03/2018,0.525,-3.41250225,DOWN
01/04/2018,0.230777159,-1.706251125,DOWN
02/04/2018,0.150562771,-1.706251125,DOWN
03/04/2018,0,15.050003,UP
04/04/2018,-0.016666667,19.410003,UP
05/04/2018,0.25,18.779999,UP
06/04/2018,0.105984849,-6.420013,DOWN
07/04/2018,0.5,-4.819992,DOWN
08/04/2018,-0.001851852,-2.409996,DOWN
09/04/2018,0.094444444,-2.409996,DOWN
10/04/2018,0.104166667,15.040008,UP
11/04/2018,0.1,-3.770019,DOWN
12/04/2018,0.283333333,-6.850006,DOWN
13/04/2018,0.113486395,6.260009,UP
14/04/2018,0,-4.5650025,DOWN
15/04/2018,-0.05,-2.28250125,DOWN
16/04/2018,0.046666667,-2.28250125,DOWN
17/04/2018,0.0875,-3.519989,DOWN
18/04/2018,0.404761905,5.660004,UP
19/04/2018,0.256969697,6.729981,UP
20/04/2018,0.333333333,-9.839997,DOWN
21/04/2018,0.25,-3.4349975,DOWN
22/04/2018,0.4,-1.71749875,DOWN
23/04/2018,0.5,-1.71749875,DOWN
24/04/2018,0.05,0.089996,UP
25/04/2018,0.16,-2.769989,DOWN
26/04/2018,0,4.790009,UP
27/04/2018,0.077272727,8.599976,UP
28/04/2018,0,-0.0899965,DOWN
29/04/2018,0,-0.04499825,DOWN
30/04/2018,0,-0.04499825,DOWN
01/05/2018,0.5,6.020019,UP
02/05/2018,0.016666667,1.229981,UP
03/05/2018,0.8,-16.699982,DOWN
04/05/2018,0.098670529,9.639984,UP
05/05/2018,0.067166667,4.3399965,UP
06/05/2018,0.384375,2.16999825,UP
07/05/2018,-0.125,2.16999825,UP
08/05/2018,0,-0.799988,DOWN
09/05/2018,0.047619048,4.880005,UP
10/05/2018,0.025555556,-1.830017,DOWN
11/05/2018,0.073248457,-3.959991,DOWN
12/05/2018,0,-4.5449985,DOWN
13/05/2018,0.233333333,-2.27249925,DOWN
14/05/2018,0.134744145,-2.27249925,DOWN
15/05/2018,0,-7.790008,DOWN
16/05/2018,-0.516666667,2.300018,UP
17/05/2018,0.266666667,-1.940002,DOWN
18/05/2018,-0.041937229,-7.720002,DOWN
19/05/2018,0.15,3.8349915,UP
20/05/2018,0.152340252,1.91749575,UP
21/05/2018,0.120412214,1.91749575,UP
22/05/2018,0.149318996,-9.47998,DOWN
23/05/2018,0.145559965,4.059997,UP
24/05/2018,0.139284061,-1.220001,DOWN
25/05/2018,0.021380854,1,UP
26/05/2018,0.100255326,2.455002,UP
27/05/2018,0.064976294,1.227501,UP
28/05/2018,0.083333333,0.6137505,UP
29/05/2018,0.205125661,0.6137505,UP
30/05/2018,0.144911458,7.959991,UP
31/05/2018,0.1234375,-6.98999,DOWN
01/06/2018,0.152287879,7.089996,UP
02/06/2018,0.040327381,2.4599915,UP
03/06/2018,0.141774892,1.22999575,UP
04/06/2018,0.0125,1.22999575,UP
05/06/2018,0.20959596,-5.609985,DOWN
06/06/2018,0.05,28.369995,UP
07/06/2018,-0.010602679,-3.410004,DOWN
08/06/2018,0.133217593,1.570008,UP
09/06/2018,0.049784512,7.220001,UP
10/06/2018,0.098278236,3.6100005,UP
11/06/2018,0.25,3.6100005,UP
12/06/2018,0.084873737,10.669983,UP
13/06/2018,-0.034895833,2.01001,UP
14/06/2018,0,12.940002,UP
15/06/2018,-0.034765625,0.450012,UP
16/06/2018,0.149718615,6.329987,UP
17/06/2018,0.098118236,3.1649935,UP
18/06/2018,0.225,3.1649935,UP
19/06/2018,0.078031488,-18.279999,DOWN
20/06/2018,0.065010251,9.670013,UP
21/06/2018,0.004545455,-14.709991,DOWN
22/06/2018,0.121456916,-13.880005,DOWN
23/06/2018,0.034210526,-0.3099975,DOWN
24/06/2018,0.083333333,-0.15499875,DOWN
25/06/2018,0.167169685,-0.15499875,DOWN
26/06/2018,-0.077414773,8.98999,UP
27/06/2018,0.149475745,2.5,UP
28/06/2018,0.166856061,5.429993,UP
29/06/2018,0.105208333,-6.979981,DOWN
30/06/2018,-0.233333333,-3.9400025,DOWN
01/07/2018,0,-1.97000125,DOWN
02/07/2018,0.175,-1.97000125,DOWN
03/07/2018,0,-24.210022,DOWN
04/07/2018,0.2325,-0.8499905,DOWN
05/07/2018,0.139106823,-0.8499905,DOWN
06/07/2018,0.096477348,-0.26001,DOWN
07/07/2018,0.083917749,4.805008,UP
08/07/2018,0.079047619,2.402504,UP
09/07/2018,0.08875,2.402504,UP
10/07/2018,0.108287546,3.959991,UP
11/07/2018,0.18992381,-3.51001,DOWN
12/07/2018,0.268458333,-2.25,DOWN
13/07/2018,0.160075188,2.160004,UP
14/07/2018,0.086624112,-4.3849945,DOWN
15/07/2018,-0.02,-2.19249725,DOWN
16/07/2018,0,-2.19249725,DOWN
17/07/2018,0,12.589996,UP
18/07/2018,0.14,1.160004,UP
19/07/2018,-0.066666667,-3.619995,DOWN
20/07/2018,0.091051136,-6.650024,DOWN
21/07/2018,0.19375,-5.1899875,DOWN
22/07/2018,0.4,-2.59499375,DOWN
23/07/2018,0.11349026,-2.59499375,DOWN
24/07/2018,0.163293651,-5.770019,DOWN
25/07/2018,0.028030303,11.309997,UP
26/07/2018,0.13,-2.089996,DOWN
27/07/2018,0.066666667,-9.470001,DOWN
28/07/2018,0.175,-3.50499,DOWN
29/07/2018,0.04,-1.752495,DOWN
30/07/2018,0.070959596,-1.752495,DOWN
31/07/2018,0.03849915,7.970002,UP
01/08/2018,0.004867725,2.699981,UP
02/08/2018,0.1,48.700013,UP
03/08/2018,0,-1.369996,DOWN
04/08/2018,0.175,-3.0900115,DOWN
05/08/2018,0.148823529,-1.54500575,DOWN
06/08/2018,0.129545455,-1.54500575,DOWN
07/08/2018,0.095735931,37.580017,UP
08/08/2018,-0.1,-9.230011,DOWN
09/08/2018,0.2875,-17.889984,DOWN
10/08/2018,0.326893939,3.039978,UP
11/08/2018,0.138533395,0.460007,UP
12/08/2018,0.107142857,0.2300035,UP
13/08/2018,0.228571429,0.2300035,UP
14/08/2018,0.0359375,-8.769989,DOWN
15/08/2018,0,-8.950013,DOWN
16/08/2018,0.1,-3.23999,DOWN
17/08/2018,0.289107143,-29.950012,DOWN
18/08/2018,0.437037037,1.470001,UP
19/08/2018,0,0.7350005,UP
20/08/2018,0,0.7350005,UP
21/08/2018,0,13.459992,UP
22/08/2018,0,-0.259979,DOWN
23/08/2018,0.240705357,-1.540009,DOWN
24/08/2018,0.098148148,2.720001,UP
25/08/2018,-0.009289322,-1.775009,DOWN
26/08/2018,0.126547619,-0.8875045,DOWN
27/08/2018,0,-0.8875045,DOWN
28/08/2018,0.139393939,-7.410004,DOWN
29/08/2018,0,-6.849975,DOWN
30/08/2018,0.040740741,-1.860016,DOWN
31/08/2018,0.256426768,-1.48999,DOWN
01/09/2018,0,-6.354996,DOWN
02/09/2018,0,-3.177498,DOWN
03/09/2018,0.666666667,-1.588749,DOWN
04/09/2018,0,-1.588749,DOWN
05/09/2018,0.005744048,-8.210022,DOWN
06/09/2018,0,0.210022,UP
07/09/2018,0.123214286,-17.710022,DOWN
08/09/2018,-0.004046417,11.130005,UP
09/09/2018,0,5.5650025,UP
10/09/2018,0,5.5650025,UP
11/09/2018,0.273452381,-6.059998,DOWN
12/09/2018,0.2375,11.100007,UP
13/09/2018,-0.028571429,-1.080018,DOWN
14/09/2018,0.121645022,5.740021,UP
15/09/2018,0.1,-0.180008,DOWN
16/09/2018,0.103125,-0.090004,DOWN
17/09/2018,0.175902778,-0.090004,DOWN
18/09/2018,0.097287157,-9.880005,DOWN
19/09/2018,0.1125,14.059998,UP
20/09/2018,0.154295476,-0.690002,DOWN
21/09/2018,-0.533333333,0.770019,UP
22/09/2018,0.167099567,0.2899935,UP
23/09/2018,0,0.14499675,UP
24/09/2018,-0.041666667,0.14499675,UP
25/09/2018,0.019444444,1.309997,UP
26/09/2018,0.155208333,8.589997,UP
27/09/2018,0,-2.059998,DOWN
28/09/2018,0.083,-42.75,DOWN
29/09/2018,0.083333333,22.9650115,UP
30/09/2018,0,11.48250575,UP
01/10/2018,-0.15,11.48250575,UP
02/10/2018,-0.127645503,-9.680023,DOWN
03/10/2018,0,-6.220001,DOWN
04/10/2018,0.245833333,-12.970001,DOWN
05/10/2018,0.003315496,-19.879975,DOWN
06/10/2018,-0.042592593,-5.695007,DOWN
07/10/2018,0.277777778,-2.8475035,DOWN
08/10/2018,0.2125,-2.8475035,DOWN
09/10/2018,0.2247595,12.23999,UP
10/10/2018,-0.1,-5.919983,DOWN
11/10/2018,0,-4.650009,DOWN
12/10/2018,0.112815657,6.550003,UP
13/10/2018,0.386666667,0.4049985,UP
14/10/2018,0.2125,0.20249925,UP
15/10/2018,0.240680272,0.20249925,UP
16/10/2018,0.092462121,17,UP
17/10/2018,0.08538188,-4.809997,DOWN
18/10/2018,0.083333333,-7.869995,DOWN
19/10/2018,0.286590909,-3.910004,DOWN
20/10/2018,-0.013690476,0.475006,UP
21/10/2018,0.096428571,0.237503,UP
22/10/2018,0.170625,0.237503,UP
23/10/2018,0.05875,33.190003,UP
24/10/2018,0,-5.640015,DOWN
25/10/2018,0.08,26.359985,UP
26/10/2018,0.111658249,16.040009,UP
27/10/2018,0.191912972,1.975006,UP
28/10/2018,0,0.987503,UP
29/10/2018,0.386111111,0.987503,UP
30/10/2018,0,-4.950012,DOWN
31/10/2018,0.150925926,7.420013,UP
01/11/2018,0.061038961,6.959992,UP
02/11/2018,0.087347756,2.130005,UP
03/11/2018,0.155305383,-2.505005,DOWN
04/11/2018,0,-1.2525025,DOWN
05/11/2018,0,-1.2525025,DOWN
06/11/2018,0.215,-0.339996,DOWN
07/11/2018,-0.000416667,7.100006,UP
08/11/2018,0.159090909,3.23999,UP
09/11/2018,0.171428571,-0.889984,DOWN
10/11/2018,0.081870748,-9.6150055,DOWN
11/11/2018,-0.075,-4.80750275,DOWN
12/11/2018,0.25,-4.80750275,DOWN
13/11/2018,0,7.450012,UP
14/11/2018,0.234375,5.269989,UP
15/11/2018,-0.01096155,4.440002,UP
16/11/2018,0.329166667,5.869996,UP
17/11/2018,0.064646465,-0.4199985,DOWN
18/11/2018,0,-0.20999925,DOWN
19/11/2018,0.116411565,-0.20999925,DOWN
20/11/2018,0.003809524,-5.980011,DOWN
21/11/2018,0.375,-9.299988,DOWN
22/11/2018,0,-6.1800075,DOWN
23/11/2018,0,-6.1800075,DOWN
24/11/2018,0,10.0850065,UP
25/11/2018,0,5.04250325,UP
26/11/2018,0.152366522,5.04250325,UP
27/11/2018,0.125,-2.079987,DOWN
28/11/2018,0.04375,3.949982,UP
29/11/2018,-0.035119048,-6.699982,DOWN
30/11/2018,0.125,9.309998,UP
01/12/2018,0.161372549,4.0049895,UP
02/12/2018,-0.072916667,2.00249475,UP
03/12/2018,-0.038958333,2.00249475,UP
04/12/2018,0,1.210022,UP
05/12/2018,-0.007755102,1.679993,UP
06/12/2018,0,1.679993,UP
07/12/2018,0.101893939,-5.089997,DOWN
08/12/2018,0.047767857,3.5899965,UP
09/12/2018,0.162428977,1.79499825,UP
10/12/2018,0,1.79499825,UP
11/12/2018,0.110582812,1.610016,UP
12/12/2018,0,-0.160004,DOWN
13/12/2018,0.375,10.190003,UP
14/12/2018,0.175,-11.080018,DOWN
15/12/2018,0.136805556,-8.644989,DOWN
16/12/2018,0.108571429,-4.3224945,DOWN
17/12/2018,0,-4.3224945,DOWN
18/12/2018,0.029662879,-11.390014,DOWN
19/12/2018,0.159484127,-4.059998,DOWN
20/12/2018,0.12,-17.589996,DOWN
21/12/2018,0.028571429,4.389984,UP
22/12/2018,0.04707215,-12.189987,DOWN
23/12/2018,0.127335859,-6.0949935,DOWN
24/12/2018,0.086365741,-6.0949935,DOWN
25/12/2018,0.126190476,15.3499905,UP
26/12/2018,0.082345086,15.3499905,UP
27/12/2018,0.160489511,-9.959991,DOWN
28/12/2018,0.183636364,17.73999,UP
29/12/2018,0.05,-0.5350035,DOWN
30/12/2018,0.025,-0.26750175,DOWN
31/12/2018,0.407954546,-0.26750175,DOWN
01/01/2019,0.133333333,-11.3399965,DOWN
02/01/2019,0,-11.3399965,DOWN
03/01/2019,0.0775,-9.76001,DOWN
04/01/2019,0.021428571,17.330017,UP
05/01/2019,0.163071895,8.6349945,UP
06/01/2019,-0.01780303,4.31749725,UP
07/01/2019,0.328333333,4.31749725,UP
08/01/2019,0,0.390015,UP
09/01/2019,0.047656566,3.179993,UP
10/01/2019,0.213888889,6.440002,UP
11/01/2019,0.166666667,2.290009,UP
12/01/2019,0.25,-6.430008,DOWN
13/01/2019,0,-3.215004,DOWN
14/01/2019,0.4,-3.215004,DOWN
15/01/2019,0.166071429,10.029999,UP
16/01/2019,0.152,1.619995,UP
17/01/2019,0.080952381,1.26001,UP
18/01/2019,0.15,-45.049988,DOWN
19/01/2019,-0.007407407,-1.6699985,DOWN
20/01/2019,0,-0.83499925,DOWN
21/01/2019,-0.04025974,-0.417499625,DOWN
22/01/2019,0.119375,-0.417499625,DOWN
23/01/2019,0.073,-11.330017,DOWN
24/01/2019,0,3.920014,UP
25/01/2019,0.173611111,5.529999,UP
26/01/2019,0.433333333,-0.330002,DOWN
27/01/2019,0.198430736,-0.165001,DOWN
28/01/2019,0.16,-0.165001,DOWN
29/01/2019,0.06875,1.079986,UP
30/01/2019,0.015873016,11.309998,UP
31/01/2019,0.273602694,-1.75,DOWN
01/02/2019,0.090151587,5.190002,UP
02/02/2019,0.08,0.340012,UP
03/02/2019,0.073106061,0.170006,UP
04/02/2019,0.154761905,0.170006,UP
05/02/2019,0.25,8.459991,UP
06/02/2019,0.004960318,-4.130005,DOWN
07/02/2019,0.127777778,-9.709991,DOWN
08/02/2019,0.093981482,-1.710022,DOWN
09/02/2019,0.041666667,3.520004,UP
10/02/2019,0.5,1.760002,UP
11/02/2019,0.128786713,1.760002,UP
12/02/2019,0,-1.029998,DOWN
13/02/2019,0.218641975,-3.639985,DOWN
14/02/2019,0.151111111,-4.400024,DOWN
15/02/2019,0.125,4.110016,UP
16/02/2019,0,-1.119995,DOWN
17/02/2019,0.301428571,-0.5599975,DOWN
18/02/2019,-0.05,-0.27999875,DOWN
19/02/2019,0,-0.27999875,DOWN
20/02/2019,-0.0125,-3.080017,DOWN
21/02/2019,0.136301587,-11.329987,DOWN
22/02/2019,0.165236742,3.47998,UP
23/02/2019,0,2.029999,UP
24/02/2019,0,1.0149995,UP
25/02/2019,0.066666667,1.0149995,UP
26/02/2019,0.248862434,-0.910004,DOWN
27/02/2019,0.036363636,16.880005,UP
28/02/2019,0.175,5.140015,UP
01/03/2019,0.127490741,-25.089996,DOWN
02/03/2019,0.116019625,-4.715012,DOWN
03/03/2019,0.098795996,-2.357506,DOWN
04/03/2019,0.061111111,-2.357506,DOWN
05/03/2019,0.071428571,-8.819976,DOWN
06/03/2019,0.104166667,-0.300019,DOWN
07/03/2019,0.275338685,0.350006,UP
08/03/2019,0.122222222,7.550019,UP
09/03/2019,0.138029101,3.389999,UP
10/03/2019,0,1.6949995,UP
11/03/2019,0.116666667,1.6949995,UP
12/03/2019,0.0078125,-7.560028,DOWN
13/03/2019,0,5.600006,UP
14/03/2019,0.10452381,1,UP
15/03/2019,0,-14.529998,DOWN
16/03/2019,0.051041667,-2.9700015,DOWN
17/03/2019,0.05664338,-1.48500075,DOWN
18/03/2019,0,-1.48500075,DOWN
19/03/2019,-0.078958333,-2.019989,DOWN
20/03/2019,0.208630952,6.130005,UP
21/03/2019,0.201851852,0.419983,UP
22/03/2019,0.354949495,-9.48999,DOWN
23/03/2019,0.085714286,-2.054993,DOWN
24/03/2019,0.077777778,-1.0274965,DOWN
25/03/2019,0.216666667,-1.0274965,DOWN
26/03/2019,0.187898352,7.349976,UP
27/03/2019,0.233333333,7.059998,UP
28/03/2019,0.28,3.790008,UP
29/03/2019,0.280372768,1.23999,UP
30/03/2019,0.033020353,4.660004,UP
31/03/2019,-0.09,2.330002,UP
01/04/2019,0.059161491,2.330002,UP
02/04/2019,-0.022222222,-3.299988,DOWN
03/04/2019,0.017,5.929993,UP
04/04/2019,0.198148148,-24.029999,DOWN
05/04/2019,0.196339286,7.179992,UP
06/04/2019,0.058630952,-0.8799895,DOWN
07/04/2019,0.328571429,-0.43999475,DOWN
08/04/2019,-0.002777778,-0.43999475,DOWN
09/04/2019,0.36,-0.890014,DOWN
10/04/2019,0.121196581,3.75,UP
11/04/2019,0.38125,-7.639985,DOWN
12/04/2019,0.130270092,-0.720001,DOWN
13/04/2019,0.107535885,-0.6600035,DOWN
14/04/2019,0.042346939,-0.33000175,DOWN
15/04/2019,0.091071429,-0.33000175,DOWN
16/04/2019,0.148383838,6.97998,UP
17/04/2019,0.18,-2.129974,DOWN
18/04/2019,0,2.029999,UP
19/04/2019,0.112664956,-5.255005,DOWN
20/04/2019,-0.025,-2.6275025,DOWN
21/04/2019,-0.094318182,-1.31375125,DOWN
22/04/2019,0.305,-1.31375125,DOWN
23/04/2019,0.060501976,1.149994,UP
24/04/2019,0.10010101,-5.23999,DOWN
25/04/2019,0.022222222,-11.029999,DOWN
26/04/2019,0.207291667,-12.490006,DOWN
27/04/2019,0.198214286,3.165001,UP
28/04/2019,0.140277778,1.5825005,UP
29/04/2019,0.043704546,1.5825005,UP
30/04/2019,0.1,-2.779999,DOWN
01/05/2019,0.1,-4.680007,DOWN
02/05/2019,0,10.090011,UP
03/05/2019,0.131818182,10.929993,UP
04/05/2019,0.283333333,0.1549985,UP
05/05/2019,0.059111111,0.07749925,UP
06/05/2019,0.100551532,0.07749925,UP
07/05/2019,0.132788691,-8.279998,DOWN
08/05/2019,0.092371996,-2.220002,DOWN
09/05/2019,0.050135949,-2.86,DOWN
10/05/2019,0.169261364,-2.459992,DOWN
11/05/2019,0.12979798,-6.2550045,DOWN
12/05/2019,0.297321429,-3.12750225,DOWN
13/05/2019,0.05,-3.12750225,DOWN
14/05/2019,0,5.300003,UP
15/05/2019,0.083134921,-0.360001,DOWN
16/05/2019,0.131994048,-3.619995,DOWN
17/05/2019,0.132780183,-17.300003,DOWN
18/05/2019,0.08921131,-2.834999,DOWN
19/05/2019,0.152083333,-1.4174995,DOWN
20/05/2019,0,-1.4174995,DOWN
21/05/2019,0.134895833,-0.279999,DOWN
22/05/2019,0,-12.350006,DOWN
23/05/2019,0.049248538,2.760009,UP
24/05/2019,0.128789006,-4.86,DOWN
25/05/2019,0.191666667,-0.965004,DOWN
26/05/2019,0.185084175,-0.482502,DOWN
27/05/2019,0.19424052,-0.241251,DOWN
28/05/2019,0.425,-0.241251,DOWN
29/05/2019,0.030151515,1.160004,UP
30/05/2019,-0.007070707,-1.64,DOWN
31/05/2019,0.072940341,-3.059997,DOWN
01/06/2019,0.0675,-3.0950015,DOWN
02/06/2019,0.124166667,-1.54750075,DOWN
03/06/2019,0,-1.54750075,DOWN
04/06/2019,0.066666667,14.630005,UP
05/06/2019,0,2.98999,UP
06/06/2019,0,9.360001,UP
07/06/2019,0.092857143,-1.449997,DOWN
08/06/2019,0,4.1900025,UP
09/06/2019,0,2.09500125,UP
10/06/2019,0.105,2.09500125,UP
11/06/2019,0.020606061,4.220001,UP
12/06/2019,0.104166667,-7.840011,DOWN
13/06/2019,0.148611111,4.650009,UP
14/06/2019,0.032086168,1.009994,UP
15/06/2019,0.206659226,5.0550005,UP
16/06/2019,0.158571429,2.52750025,UP
17/06/2019,0.017261905,2.52750025,UP
18/06/2019,0.005555556,-0.289994,DOWN
19/06/2019,0.014316239,1.689988,UP
20/06/2019,0.0575,-6.809998,DOWN
21/06/2019,0.169482887,2.240006,UP
22/06/2019,0,0.889999,UP
23/06/2019,0.00479798,0.4449995,UP
24/06/2019,0.07893544,0.4449995,UP
25/06/2019,0.133045455,-3.880004,DOWN
26/06/2019,0.140701754,-0.489991,DOWN
27/06/2019,0.035416667,3.569992,UP
28/06/2019,0.150710227,0.620011,UP
29/06/2019,0.3,1.8549955,UP
30/06/2019,0.127857143,0.92749775,UP
01/07/2019,0.233333333,0.92749775,UP
02/07/2019,0.268668831,-2.619995,DOWN
03/07/2019,0.149074074,10.349991,UP
04/07/2019,0.079166667,-0.899994,DOWN
05/07/2019,0,-0.899994,DOWN
06/07/2019,0.020512821,-1.380005,DOWN
07/07/2019,0.06,-0.6900025,DOWN
08/07/2019,0.100826281,-0.6900025,DOWN
09/07/2019,0.111296143,-0.279998,DOWN
10/07/2019,0.316666667,8.86,UP
11/07/2019,0.219230769,-0.319992,DOWN
12/07/2019,0.156827731,6.479996,UP
13/07/2019,0.103502747,4.209999,UP
14/07/2019,0,2.1049995,UP
15/07/2019,0.078030303,2.1049995,UP
16/07/2019,0.105984849,-1.119995,DOWN
17/07/2019,0.154646465,2.479996,UP
18/07/2019,0.177941632,-1.320008,DOWN
19/07/2019,0.025,4.64,UP
20/07/2019,0.077777778,-1.25,DOWN
21/07/2019,0.073333333,-0.625,DOWN
22/07/2019,0.004346728,-0.625,DOWN
23/07/2019,0.098295455,4.49002,UP
24/07/2019,0.033333333,4.709992,UP
25/07/2019,-0.00462963,-36.059998,DOWN
26/07/2019,0.117857143,-0.780014,DOWN
27/07/2019,0.123843537,3.8650055,UP
28/07/2019,0.112365835,1.93250275,UP
29/07/2019,0,1.93250275,UP
30/07/2019,0.153030303,6.489991,UP
31/07/2019,0.05,-0.649994,DOWN
01/08/2019,0.051958333,-7.759995,DOWN
02/08/2019,0.214285714,0.48999,UP
03/08/2019,-0.243939394,-3.0099945,DOWN
04/08/2019,0.119485294,-1.50499725,DOWN
05/08/2019,0.25,-1.50499725,DOWN
06/08/2019,0.204861111,2.429993,UP
07/08/2019,0.128246753,2.669998,UP
08/08/2019,0.108819444,4.880005,UP
09/08/2019,0.106558642,-3.290008,DOWN
10/08/2019,0.158823529,-3,DOWN
11/08/2019,0.161904762,-1.5,DOWN
12/08/2019,0,-1.5,DOWN
13/08/2019,0.2,5.990005,UP
14/08/2019,0.13125,-15.380005,DOWN
15/08/2019,0.063809524,-3.979996,DOWN
16/08/2019,-0.115,4.300003,UP
17/08/2019,-0.102678571,3.445,UP
18/08/2019,0.029862987,1.7225,UP
19/08/2019,0,1.7225,UP
20/08/2019,0.14656746,-0.970001,DOWN
21/08/2019,0.0875,-5.029999,DOWN
22/08/2019,0,1.319992,UP
23/08/2019,0.239090909,-10.75,DOWN
24/08/2019,0.075315126,1.800003,UP
25/08/2019,0.141666667,0.9000015,UP
26/08/2019,0.114141414,0.9000015,UP
27/08/2019,0.09212963,-0.919998,DOWN
28/08/2019,0.044444444,1.509994,UP
29/08/2019,0.075555556,6.120011,UP
30/08/2019,0.197685185,3.899994,UP
31/08/2019,0.2,-0.300003,DOWN
01/09/2019,-0.017045455,-0.1500015,DOWN
02/09/2019,0,-0.07500075,DOWN
03/09/2019,0.109725229,-0.07500075,DOWN
04/09/2019,0.045565476,-4.330002,DOWN
05/09/2019,-0.004166667,8.900009,UP
06/09/2019,0.155,-2.130005,DOWN
07/09/2019,0.129824017,2.169998,UP
08/09/2019,0.214285714,1.084999,UP
09/09/2019,0.091764069,1.084999,UP
10/09/2019,0.270630252,3.75,UP
11/09/2019,0.109090909,11.560013,UP
12/09/2019,0.115079365,-1.230011,DOWN
13/09/2019,0.064285714,-0.669998,DOWN
14/09/2019,0.187182853,-1.1949995,DOWN
15/09/2019,0.1625,-0.59749975,DOWN
16/09/2019,0.194444444,-0.59749975,DOWN
17/09/2019,0.125554654,1.979995,UP
18/09/2019,0.107653061,-1.299988,DOWN
19/09/2019,0.197435897,3.110001,UP
20/09/2019,0.09375,-5.980011,DOWN
21/09/2019,0.073697917,0.3050005,UP
22/09/2019,0.033514739,0.15250025,UP
23/09/2019,0.065046296,0.15250025,UP
24/09/2019,0.170577458,-18.019989,DOWN
25/09/2019,0.05,5.48999,UP
26/09/2019,0.155494611,13.860001,UP
27/09/2019,0.044806397,-0.429993,DOWN
28/09/2019,0.242142857,-0.630005,DOWN
29/09/2019,0,-0.3150025,DOWN
30/09/2019,0,-0.3150025,DOWN
01/10/2019,0.212531328,3.820007,UP
02/10/2019,0.010615079,-1.559997,DOWN
03/10/2019,0.15,-10.100006,DOWN
04/10/2019,0.032323232,-1.600006,DOWN
05/10/2019,0.191666667,3.145004,UP
06/10/2019,0.258333333,1.572502,UP
07/10/2019,0.010714286,1.572502,UP
08/10/2019,0.159375,2.330002,UP
09/10/2019,0.024914966,4.479996,UP
10/10/2019,0.234126984,0.210006,UP
11/10/2019,0.357142857,3.149994,UP
12/10/2019,0.192034162,4.534996,UP
13/10/2019,0.286363636,2.267498,UP
14/10/2019,0.120164609,2.267498,UP
15/10/2019,0.06973064,0.930024,UP
16/10/2019,0.170833333,1.859985,UP
17/10/2019,-0.034722222,2.220001,UP
18/10/2019,0,-5.019989,DOWN
19/10/2019,0,-1.725006,DOWN
20/10/2019,0,-0.862503,DOWN
21/10/2019,0.154882155,-0.862503,DOWN
22/10/2019,0.2,2.080002,UP
23/10/2019,0.239393939,-0.900009,DOWN
24/10/2019,0.071152597,45,UP
25/10/2019,0.04375,28.450012,UP
26/10/2019,0.185,-0.210007,DOWN
27/10/2019,0.206481482,-0.1050035,DOWN
28/10/2019,0.082000891,-0.1050035,DOWN
29/10/2019,0.5,-11.48999,DOWN
30/10/2019,0.164772487,-1.209991,DOWN
31/10/2019,-0.125,-0.089997,DOWN
01/11/2019,0.4,-1.610015,DOWN
02/11/2019,0,2.0800015,UP
03/11/2019,0,1.04000075,UP
04/11/2019,0.340625,1.04000075,UP
05/11/2019,0.256380952,-0.25,DOWN
06/11/2019,0.071875,9.359986,UP
07/11/2019,0.027525253,8.960022,UP
08/11/2019,0.02437963,1.600006,UP
09/11/2019,-0.294444444,3.9749905,UP
10/11/2019,0.1125,1.98749525,UP
11/11/2019,0,1.98749525,UP
12/11/2019,0,4.839997,UP
13/11/2019,0.27969697,-3.820008,DOWN
14/11/2019,0.092857143,3.240021,UP
15/11/2019,0.328571429,2.820007,UP
16/11/2019,-0.016666667,-1.0900115,DOWN
17/11/2019,0,-0.54500575,DOWN
18/11/2019,-0.0925,-0.54500575,DOWN
19/11/2019,0.296031746,9.529999,UP
20/11/2019,-0.183333333,-7.299988,DOWN
21/11/2019,0.13125,2.609986,UP
22/11/2019,0.178809524,-21.789978,DOWN
23/11/2019,0.104846939,1.6499935,UP
24/11/2019,0.147131332,0.82499675,UP
25/11/2019,-0.15,0.82499675,UP
26/11/2019,0.533333333,-7.419983,DOWN
27/11/2019,0.214484127,2.369996,UP
28/11/2019,0,-0.6750035,DOWN
29/11/2019,0,-0.6750035,DOWN
30/11/2019,0,2.4649965,UP
01/12/2019,-0.065173611,1.23249825,UP
02/12/2019,0.2,1.23249825,UP
03/12/2019,-0.017857143,1.330017,UP
04/12/2019,0,-3.170013,DOWN
05/12/2019,0,-2.660004,DOWN
06/12/2019,0,5.52002,UP
07/12/2019,0.248717949,1.819992,UP
08/12/2019,0.016666667,0.909996,UP
09/12/2019,0.5,0.909996,UP
10/12/2019,0.051666667,9.309997,UP
11/12/2019,0,3.860016,UP
12/12/2019,0.041535088,6.979981,UP
13/12/2019,0.333333333,-1.289978,DOWN
14/12/2019,0.191666667,11.5549925,UP
15/12/2019,0,5.77749625,UP
16/12/2019,0,5.77749625,UP
17/12/2019,0.266666667,-2.51001,DOWN
18/12/2019,0.013214286,14.160004,UP
19/12/2019,0.0390625,10.890015,UP
20/12/2019,0.170833333,1.549987,UP
21/12/2019,0.201234568,6.8150025,UP
22/12/2019,-0.022292769,3.40750125,UP
23/12/2019,0.16,3.40750125,UP
24/12/2019,0.089732143,6.029999,UP
25/12/2019,0,2.845001,UP
26/12/2019,0.191583694,2.845001,UP
27/12/2019,-0.433333333,-0.559997,DOWN
28/12/2019,0.015701754,-7.8399965,DOWN
29/12/2019,0.100936824,-3.91999825,DOWN
30/12/2019,0.141704583,-3.91999825,DOWN
31/12/2019,0.025,3.629975,UP
01/01/2020,0.15,5.9650115,UP
02/01/2020,0,5.9650115,UP
03/01/2020,0,12.75,UP
04/01/2020,0.25,4.2649995,UP
05/01/2020,0.4,2.13249975,UP
06/01/2020,0,2.13249975,UP
07/01/2020,0.100744048,17.519989,UP
08/01/2020,0.15,23.080017,UP
09/01/2020,0.1,-10.800019,DOWN
10/01/2020,0.130972222,-3.190002,DOWN
11/01/2020,-0.065277778,23.3549955,UP
12/01/2020,0.1775,11.67749775,UP
13/01/2020,0.172,11.67749775,UP
14/01/2020,0.176230674,13.059998,UP
15/01/2020,0.232539683,-19.419983,DOWN
16/01/2020,-0.038095238,-5.01001,DOWN
17/01/2020,0.115037594,-2.98999,DOWN
18/01/2020,0,18.350006,UP
19/01/2020,0.12,9.175003,UP
20/01/2020,0.2875,4.5875015,UP
21/01/2020,0.107738095,4.5875015,UP
22/01/2020,0.038636364,22.359986,UP
23/01/2020,0.085714286,2.640014,UP
24/01/2020,0.05,-7.380005,DOWN
25/01/2020,0.147835498,-3.3999935,DOWN
26/01/2020,0.2,-1.69999675,DOWN
27/01/2020,-0.025,-1.69999675,DOWN
28/01/2020,0.01,8.880004,UP
29/01/2020,0.02,14.089966,UP
30/01/2020,0.004,59.820008,UP
31/01/2020,0.059313726,9.760009,UP
01/02/2020,0.19974026,64.7149965,UP
02/02/2020,0.105396825,32.35749825,UP
03/02/2020,0.086091235,32.35749825,UP
04/02/2020,0.275892857,107.059998,UP
05/02/2020,0.059722222,-152.359986,DOWN
06/02/2020,0.109606061,14.26001,UP
07/02/2020,0.226388889,-0.890015,DOWN
08/02/2020,0.110606061,11.605011,UP
09/02/2020,0.295611111,5.8025055,UP
10/02/2020,0.161987219,5.8025055,UP
11/02/2020,0,3.099976,UP
12/02/2020,0.086041667,-7.090027,DOWN
13/02/2020,-0.1,36.710022,UP
14/02/2020,0.045208333,-3.969971,DOWN
15/02/2020,0.023148148,29.1849975,UP
16/02/2020,0.03125,14.59249875,UP
17/02/2020,0.111071429,7.296249375,UP
18/02/2020,0.076666667,7.296249375,UP
19/02/2020,0.120833333,59.019959,UP
20/02/2020,0.058676215,-18.01001,DOWN
21/02/2020,-0.024166667,1.590027,UP
22/02/2020,0.239444444,-33.605011,DOWN
23/02/2020,0,-16.8025055,DOWN
24/02/2020,0,-16.8025055,DOWN
25/02/2020,0.15,-33.880005,DOWN
26/02/2020,0.174244142,-21.109985,DOWN
27/02/2020,0,-99.799988,DOWN
28/02/2020,0.029166667,-11.01001,DOWN
29/02/2020,0,37.8150025,UP
01/03/2020,0,18.90750125,UP
02/03/2020,-0.023333333,18.90750125,UP
03/03/2020,0.147833333,1.890015,UP
04/03/2020,0.188863636,3.98999,UP
05/03/2020,0.068181818,-24.960022,DOWN
06/03/2020,-0.375,-21.059998,DOWN
07/03/2020,0.045833333,-47.73999,DOWN
08/03/2020,0.185160714,-23.869995,DOWN
09/03/2020,0.036666667,-23.869995,DOWN
10/03/2020,0.147149123,37.330017,UP
11/03/2020,0.096875,-11.100037,DOWN
12/03/2020,-0.183333333,-73.679992,DOWN
13/03/2020,0,-13.929993,DOWN
14/03/2020,0.1275,-50.774994,DOWN
15/03/2020,0.045454546,-25.387497,DOWN
16/03/2020,-0.005916667,-25.387497,DOWN
17/03/2020,0.124920635,-14.869995,DOWN
18/03/2020,0.098615385,-68.980011,DOWN
19/03/2020,0.080782313,66.420014,UP
20/03/2020,0.097718254,-0.110016,DOWN
21/03/2020,0.157470287,3.380005,UP
22/03/2020,0.184455782,1.6900025,UP
23/03/2020,0.175824653,1.6900025,UP
24/03/2020,0.137999244,70.709991,UP
25/03/2020,0.127575758,34.25,UP
26/03/2020,0.0625,-11.090027,DOWN
27/03/2020,0.279545455,-13.799988,DOWN
28/03/2020,0.333333333,-6.11499,DOWN
29/03/2020,0,-3.057495,DOWN
30/03/2020,0,-3.057495,DOWN
31/03/2020,0.138375,21.869995,UP
01/04/2020,0.131125,-42.440002,DOWN
02/04/2020,0.0925,-27.089997,DOWN
03/04/2020,0.142875744,25.540009,UP
04/04/2020,0.069444444,18.11499,UP
05/04/2020,0.092425645,9.057495,UP
06/04/2020,0.2421875,9.057495,UP
07/04/2020,0.178271605,29.210022,UP
08/04/2020,0.192099567,3.390015,UP
09/04/2020,0.105952381,24.159973,UP
10/04/2020,0.05625,38.975006,UP
11/04/2020,0.164333333,19.487503,UP
12/04/2020,0.132993197,9.7437515,UP
13/04/2020,0.057142857,9.7437515,UP
14/04/2020,0,58.940003,UP
15/04/2020,0.179722222,19.940002,UP
16/04/2020,0.118974231,15.380005,UP
17/04/2020,0.086574074,8.679993,UP
18/04/2020,0.123924851,-3.765015,DOWN
19/04/2020,0.248639456,-1.8825075,DOWN
20/04/2020,0.14,-1.8825075,DOWN
21/04/2020,-0.05,-59.640014,DOWN
22/04/2020,0.196606885,45.390014,UP
23/04/2020,0.127098765,-26.47998,DOWN
24/04/2020,0.192142857,19.520019,UP
25/04/2020,0.116889784,36.799988,UP
26/04/2020,0.141493056,18.399994,UP
27/04/2020,0.171439394,18.399994,UP
28/04/2020,0.108333333,-29.630005,DOWN
29/04/2020,0.1625,31.390015,UP
30/04/2020,0,0,DOWN